﻿[
    {
        "value": "1",
        "text": "Adams"
    },
    {
        "value": "2",
        "text": "Allegheny"
    },
    {
        "value": "3",
        "text": "Armstrong"
    },
    {
        "value": "4",
        "text": "Beaver"
    },
    {
        "value": "5",
        "text": "Bedford"
    },
    {
        "value": "6",
        "text": "Berks"
    },
    {
        "value": "7",
        "text": "Blair"
    },
    {
        "value": "8",
        "text": "Bradford"
    }

]