﻿[
    {
        "value": "927",
        "text": "Afghanistan"
    },
    {
        "value": "1476",
        "text": "Africa"
    },
    {
        "value": "673",
        "text": "Antilles"
    },
    {
        "value": "1117",
        "text": "Argentina"
    },
    {
        "value": "1496",
        "text": "Armenia"
    },
    {
        "value": "343",
        "text": "Aruba"
    },
    {
        "value": "425",
        "text": "Australia"
    },
    {
        "value": "1252",
        "text": "Austria"
    },
    {
        "value": "1475",
        "text": "Azerbaijan"
    },
    {
        "value": "1291",
        "text": "Bahamas"
    },
    {
        "value": "782",
        "text": "Bahrain"
    },
    {
        "value": "1066",
        "text": "Bangladesh"
    },
    {
        "value": "933",
        "text": "Barbados"
    },
    {
        "value": "1637",
        "text": "Belarus"
    },
    {
        "value": "353",
        "text": "Belgium"
    },
    {
        "value": "1645",
        "text": "Bermuda"
    },
    {
        "value": "5",
        "text": "Bosnia"
    },
    {
        "value": "1663",
        "text": "Botswana"
    },
    {
        "value": "483",
        "text": "Brazil"
    },
    {
        "value": "1032",
        "text": "Bulgaria"
    },
    {
        "value": "620",
        "text": "Cambodia"
    },
    {
        "value": "1408",
        "text": "Canada"
    },
    {
        "value": "1555",
        "text": "Cayman Islands"
    },
    {
        "value": "706",
        "text": "Chile"
    },
    {
        "value": "1313",
        "text": "China"
    },
    {
        "value": "1157",
        "text": "Colombia"
    },
    {
        "value": "505",
        "text": "Costa Rica"
    },
    {
        "value": "1195",
        "text": "Croatia"
    },
    {
        "value": "1220",
        "text": "Cuba"
    },
    {
        "value": "785",
        "text": "Cyprus"
    },
    {
        "value": "493",
        "text": "Czech Republic"
    },
    {
        "value": "1424",
        "text": "Denmark"
    },
    {
        "value": "950",
        "text": "Dominican Republic"
    },
    {
        "value": "908",
        "text": "Dutch Caribbean"
    },
    {
        "value": "383",
        "text": "East Africa"
    },
    {
        "value": "1146",
        "text": "Egypt"
    },
    {
        "value": "60",
        "text": "England"
    },
    {
        "value": "138",
        "text": "Equador"
    },
    {
        "value": "882",
        "text": "Estonia"
    },
    {
        "value": "189",
        "text": "Ethiopia"
    },
    {
        "value": "608",
        "text": "Fiji"
    },
    {
        "value": "464",
        "text": "Finland"
    },
    {
        "value": "327",
        "text": "France"
    },
    {
        "value": "1421",
        "text": "Georgia"
    },
    {
        "value": "687",
        "text": "Germany"
    },
    {
        "value": "1375",
        "text": "Greece"
    },
    {
        "value": "99",
        "text": "Grenada"
    },
    {
        "value": "794",
        "text": "Guam"
    },
    {
        "value": "1026",
        "text": "Guatemala"
    },
    {
        "value": "431",
        "text": "Holland"
    },
    {
        "value": "1452",
        "text": "Hong Kong"
    },
    {
        "value": "1491",
        "text": "Hungary"
    },
    {
        "value": "797",
        "text": "Iceland"
    },
    {
        "value": "366",
        "text": "India"
    },
    {
        "value": "636",
        "text": "Iran"
    },
    {
        "value": "1457",
        "text": "Ireland"
    },
    {
        "value": "275",
        "text": "Isle of Man"
    },
    {
        "value": "322",
        "text": "Israel"
    },
    {
        "value": "215",
        "text": "Italy"
    },
    {
        "value": "655",
        "text": "Jamaica"
    },
    {
        "value": "1560",
        "text": "Japan"
    },
    {
        "value": "1526",
        "text": "Jordan"
    },
    {
        "value": "926",
        "text": "Kazakhstan"
    },
    {
        "value": "1606",
        "text": "Kenya"
    },
    {
        "value": "714",
        "text": "Korea"
    },
    {
        "value": "1025",
        "text": "Kuwait"
    },
    {
        "value": "1618",
        "text": "Latvia"
    },
    {
        "value": "88",
        "text": "Lebanon"
    },
    {
        "value": "1300",
        "text": "Libya"
    },
    {
        "value": "889",
        "text": "Liechtenstein"
    },
    {
        "value": "354",
        "text": "Lithuania"
    },
    {
        "value": "999",
        "text": "Luxembourg"
    },
    {
        "value": "585",
        "text": "Macedonia"
    },
    {
        "value": "68",
        "text": "Malaysia"
    },
    {
        "value": "1602",
        "text": "Malta"
    },
    {
        "value": "1435",
        "text": "Mexico"
    },
    {
        "value": "824",
        "text": "Moldova"
    },
    {
        "value": "11",
        "text": "Nepal"
    },
    {
        "value": "801",
        "text": "New Guinea"
    },
    {
        "value": "216",
        "text": "New Zealand"
    },
    {
        "value": "1345",
        "text": "Nigeria"
    },
    {
        "value": "1558",
        "text": "Northern Ireland"
    },
    {
        "value": "1416",
        "text": "Norway"
    },
    {
        "value": "171",
        "text": "Nova Scotia"
    },
    {
        "value": "543",
        "text": "Oman"
    },
    {
        "value": "972",
        "text": "Pakistan"
    },
    {
        "value": "1277",
        "text": "Panama"
    },
    {
        "value": "356",
        "text": "Peru"
    },
    {
        "value": "1601",
        "text": "Philippines"
    },
    {
        "value": "103",
        "text": "Poland"
    },
    {
        "value": "1648",
        "text": "Portugal"
    },
    {
        "value": "610",
        "text": "Qatar"
    },
    {
        "value": "792",
        "text": "Romania"
    },
    {
        "value": "723",
        "text": "Russia"
    },
    {
        "value": "242",
        "text": "Saudi Arabia"
    },
    {
        "value": "1619",
        "text": "Scotland"
    },
    {
        "value": "1511",
        "text": "Serbia"
    },
    {
        "value": "1626",
        "text": "Singapore"
    },
    {
        "value": "1552",
        "text": "Slovakia"
    },
    {
        "value": "596",
        "text": "Slovenia"
    },
    {
        "value": "670",
        "text": "South Africa"
    },
    {
        "value": "1622",
        "text": "South America"
    },
    {
        "value": "671",
        "text": "South Korea"
    },
    {
        "value": "36",
        "text": "Spain"
    },
    {
        "value": "993",
        "text": "Sudan"
    },
    {
        "value": "461",
        "text": "Sweden"
    },
    {
        "value": "492",
        "text": "Switzerland"
    },
    {
        "value": "1515",
        "text": "Syria"
    },
    {
        "value": "98",
        "text": "Taiwan"
    },
    {
        "value": "1441",
        "text": "Thailand"
    },
    {
        "value": "1621",
        "text": "The Netherlands"
    },
    {
        "value": "611",
        "text": "Tobago"
    },
    {
        "value": "1128",
        "text": "Trinidad"
    },
    {
        "value": "1284",
        "text": "Turkey"
    },
    {
        "value": "1493",
        "text": "Ukraine"
    },
    {
        "value": "680",
        "text": "United Arab Emirates"
    },
    {
        "value": "1631",
        "text": "United Kingdom"
    },
    {
        "value": "1756",
        "text": "United States"
    },
    {
        "value": "597",
        "text": "Venezuela"
    },
    {
        "value": "623",
        "text": "West Africa"
    },
    {
        "value": "363",
        "text": "West Indies"
    },
    {
        "value": "1240",
        "text": "Yugoslavia"
    },
    {
        "value": "627",
        "text": "Zambia"
    },
    {
        "value": "1707",
        "text": "Zimbabwe"
    }
]