﻿[
    {
        "value": "1570",
        "text": "Alabama"
    },
    {
        "value": "1478",
        "text": "Alaska"
    },
    {
        "value": "1243",
        "text": "Arizona"
    },
    {
        "value": "151",
        "text": "Arkansas"
    },
    {
        "value": "632",
        "text": "California"
    },
    {
        "value": "940",
        "text": "Colorado"
    },
    {
        "value": "959",
        "text": "Connecticut"
    },
    {
        "value": "1317",
        "text": "Delaware"
    },
    {
        "value": "932",
        "text": "District Of Columbia"
    },
    {
        "value": "386",
        "text": "Florida"
    },
    {
        "value": "1328",
        "text": "Georgia"
    },
    {
        "value": "1148",
        "text": "Hawaii"
    },
    {
        "value": "278",
        "text": "Idaho"
    },
    {
        "value": "639",
        "text": "Illinois"
    },
    {
        "value": "1208",
        "text": "Indiana"
    },
    {
        "value": "1447",
        "text": "Iowa"
    },
    {
        "value": "535",
        "text": "Kansas"
    },
    {
        "value": "34",
        "text": "Kentucky"
    },
    {
        "value": "384",
        "text": "Louisiana"
    },
    {
        "value": "29",
        "text": "Maine"
    },
    {
        "value": "942",
        "text": "Maryland"
    },
    {
        "value": "526",
        "text": "Massachusetts"
    },
    {
        "value": "1062",
        "text": "Michigan"
    },
    {
        "value": "556",
        "text": "Minnesota"
    },
    {
        "value": "685",
        "text": "Mississippi"
    },
    {
        "value": "541",
        "text": "Missouri"
    },
    {
        "value": "279",
        "text": "Montana"
    },
    {
        "value": "1651",
        "text": "Nebraska"
    },
    {
        "value": "111",
        "text": "Nevada"
    },
    {
        "value": "1325",
        "text": "New Hampshire"
    },
    {
        "value": "403",
        "text": "New Jersey"
    },
    {
        "value": "1753",
        "text": "New Mexico"
    },
    {
        "value": "887",
        "text": "New York"
    },
    {
        "value": "1541",
        "text": "North Carolina"
    },
    {
        "value": "1287",
        "text": "North Dakota"
    },
    {
        "value": "641",
        "text": "Ohio"
    },
    {
        "value": "1083",
        "text": "Oklahoma"
    },
    {
        "value": "871",
        "text": "Oregon"
    },
    {
        "value": "1073",
        "text": "Pennsylvania"
    },
    {
        "value": "806",
        "text": "Puerto Rico"
    },
    {
        "value": "708",
        "text": "Rhode Island"
    },
    {
        "value": "710",
        "text": "South Carolina"
    },
    {
        "value": "133",
        "text": "South Dakota"
    },
    {
        "value": "1454",
        "text": "Tennessee"
    },
    {
        "value": "646",
        "text": "Texas"
    },
    {
        "value": "1103",
        "text": "Utah"
    },
    {
        "value": "1314",
        "text": "Vermont"
    },
    {
        "value": "626",
        "text": "Virginia"
    },
    {
        "value": "1246",
        "text": "Washington"
    },
    {
        "value": "841",
        "text": "West Virginia"
    },
    {
        "value": "472",
        "text": "Wisconsin"
    },
    {
        "value": "304",
        "text": "Wyoming"
    }
]